[
{
  "model": "admin.logentry",
  "pk": 1,
  "fields": {
    "action_time": "2025-12-27T13:59:35.585Z",
    "user": 1,
    "content_type": 7,
    "object_id": "22",
    "object_repr": "Nota 92854276 - R$ 500.60",
    "action_flag": 3,
    "change_message": ""
  }
},
{
  "model": "admin.logentry",
  "pk": 2,
  "fields": {
    "action_time": "2025-12-27T13:59:35.585Z",
    "user": 1,
    "content_type": 7,
    "object_id": "21",
    "object_repr": "Nota 87913444 - R$ 500.00",
    "action_flag": 3,
    "change_message": ""
  }
},
{
  "model": "admin.logentry",
  "pk": 3,
  "fields": {
    "action_time": "2025-12-27T13:59:35.585Z",
    "user": 1,
    "content_type": 7,
    "object_id": "20",
    "object_repr": "Nota 86679770 - R$ 2600.00",
    "action_flag": 3,
    "change_message": ""
  }
},
{
  "model": "admin.logentry",
  "pk": 4,
  "fields": {
    "action_time": "2025-12-27T13:59:35.585Z",
    "user": 1,
    "content_type": 7,
    "object_id": "19",
    "object_repr": "Nota 83325023 - R$ 345.55",
    "action_flag": 3,
    "change_message": ""
  }
},
{
  "model": "admin.logentry",
  "pk": 5,
  "fields": {
    "action_time": "2025-12-27T13:59:35.585Z",
    "user": 1,
    "content_type": 7,
    "object_id": "18",
    "object_repr": "Nota 223465 - R$ 678.05",
    "action_flag": 3,
    "change_message": ""
  }
},
{
  "model": "admin.logentry",
  "pk": 6,
  "fields": {
    "action_time": "2025-12-27T13:59:35.585Z",
    "user": 1,
    "content_type": 7,
    "object_id": "17",
    "object_repr": "Nota 15381449 - R$ 546.50",
    "action_flag": 3,
    "change_message": ""
  }
},
{
  "model": "admin.logentry",
  "pk": 7,
  "fields": {
    "action_time": "2025-12-27T13:59:35.585Z",
    "user": 1,
    "content_type": 7,
    "object_id": "16",
    "object_repr": "Nota 79930140 - R$ 211.25",
    "action_flag": 3,
    "change_message": ""
  }
},
{
  "model": "admin.logentry",
  "pk": 8,
  "fields": {
    "action_time": "2025-12-27T13:59:35.585Z",
    "user": 1,
    "content_type": 7,
    "object_id": "15",
    "object_repr": "Nota 33287788 - R$ 210.50",
    "action_flag": 3,
    "change_message": ""
  }
},
{
  "model": "admin.logentry",
  "pk": 9,
  "fields": {
    "action_time": "2025-12-27T13:59:35.585Z",
    "user": 1,
    "content_type": 7,
    "object_id": "14",
    "object_repr": "Nota 54053016 - R$ 468.61",
    "action_flag": 3,
    "change_message": ""
  }
},
{
  "model": "admin.logentry",
  "pk": 10,
  "fields": {
    "action_time": "2025-12-27T13:59:35.585Z",
    "user": 1,
    "content_type": 7,
    "object_id": "13",
    "object_repr": "Nota 66974519 - R$ 46.05",
    "action_flag": 3,
    "change_message": ""
  }
},
{
  "model": "admin.logentry",
  "pk": 11,
  "fields": {
    "action_time": "2025-12-27T13:59:35.585Z",
    "user": 1,
    "content_type": 7,
    "object_id": "12",
    "object_repr": "Nota 92854275 - R$ 45.15",
    "action_flag": 3,
    "change_message": ""
  }
},
{
  "model": "admin.logentry",
  "pk": 12,
  "fields": {
    "action_time": "2025-12-27T13:59:35.585Z",
    "user": 1,
    "content_type": 7,
    "object_id": "11",
    "object_repr": "Nota 89320018 - R$ 56.55",
    "action_flag": 3,
    "change_message": ""
  }
},
{
  "model": "admin.logentry",
  "pk": 13,
  "fields": {
    "action_time": "2025-12-27T13:59:35.585Z",
    "user": 1,
    "content_type": 7,
    "object_id": "10",
    "object_repr": "Nota 41252 - R$ 0.00",
    "action_flag": 3,
    "change_message": ""
  }
},
{
  "model": "admin.logentry",
  "pk": 14,
  "fields": {
    "action_time": "2025-12-27T13:59:35.585Z",
    "user": 1,
    "content_type": 7,
    "object_id": "9",
    "object_repr": "Nota 40775 - R$ 0.00",
    "action_flag": 3,
    "change_message": ""
  }
},
{
  "model": "admin.logentry",
  "pk": 15,
  "fields": {
    "action_time": "2025-12-27T13:59:35.585Z",
    "user": 1,
    "content_type": 7,
    "object_id": "8",
    "object_repr": "Nota 51271 - R$ 0.00",
    "action_flag": 3,
    "change_message": ""
  }
},
{
  "model": "admin.logentry",
  "pk": 16,
  "fields": {
    "action_time": "2025-12-27T13:59:35.585Z",
    "user": 1,
    "content_type": 7,
    "object_id": "7",
    "object_repr": "Nota 12656 - R$ 0.00",
    "action_flag": 3,
    "change_message": ""
  }
},
{
  "model": "admin.logentry",
  "pk": 17,
  "fields": {
    "action_time": "2025-12-27T13:59:35.585Z",
    "user": 1,
    "content_type": 7,
    "object_id": "6",
    "object_repr": "Nota 51894 - R$ 0.00",
    "action_flag": 3,
    "change_message": ""
  }
},
{
  "model": "admin.logentry",
  "pk": 18,
  "fields": {
    "action_time": "2025-12-27T13:59:35.585Z",
    "user": 1,
    "content_type": 7,
    "object_id": "5",
    "object_repr": "Nota 46774 - R$ 0.00",
    "action_flag": 3,
    "change_message": ""
  }
},
{
  "model": "admin.logentry",
  "pk": 19,
  "fields": {
    "action_time": "2025-12-27T13:59:35.585Z",
    "user": 1,
    "content_type": 7,
    "object_id": "4",
    "object_repr": "Nota 76351 - R$ 0.00",
    "action_flag": 3,
    "change_message": ""
  }
},
{
  "model": "admin.logentry",
  "pk": 20,
  "fields": {
    "action_time": "2025-12-27T13:59:35.585Z",
    "user": 1,
    "content_type": 7,
    "object_id": "3",
    "object_repr": "Nota 77474 - R$ 0.00",
    "action_flag": 3,
    "change_message": ""
  }
},
{
  "model": "admin.logentry",
  "pk": 21,
  "fields": {
    "action_time": "2025-12-27T13:59:35.585Z",
    "user": 1,
    "content_type": 7,
    "object_id": "2",
    "object_repr": "Nota 83569 - R$ 0.00",
    "action_flag": 3,
    "change_message": ""
  }
},
{
  "model": "admin.logentry",
  "pk": 22,
  "fields": {
    "action_time": "2025-12-27T13:59:35.585Z",
    "user": 1,
    "content_type": 7,
    "object_id": "1",
    "object_repr": "Nota 12405 - R$ 0.00",
    "action_flag": 3,
    "change_message": ""
  }
},
{
  "model": "admin.logentry",
  "pk": 23,
  "fields": {
    "action_time": "2025-12-30T22:29:24.501Z",
    "user": 2,
    "content_type": 9,
    "object_id": "1",
    "object_repr": "Mateco Materiais de Construcao (50712698000146)",
    "action_flag": 1,
    "change_message": "[{\"added\": {}}]"
  }
},
{
  "model": "admin.logentry",
  "pk": 24,
  "fields": {
    "action_time": "2025-12-30T22:31:37.895Z",
    "user": 2,
    "content_type": 4,
    "object_id": "2",
    "object_repr": "davisson",
    "action_flag": 2,
    "change_message": "[{\"changed\": {\"fields\": [\"Username\"]}}, {\"added\": {\"name\": \"perfil usuario\", \"object\": \"davisson -> Mateco Materiais de Construcao\"}}]"
  }
},
{
  "model": "admin.logentry",
  "pk": 25,
  "fields": {
    "action_time": "2025-12-30T22:31:53.075Z",
    "user": 2,
    "content_type": 4,
    "object_id": "1",
    "object_repr": "dssnthx",
    "action_flag": 2,
    "change_message": "[{\"changed\": {\"fields\": [\"Username\"]}}]"
  }
},
{
  "model": "admin.logentry",
  "pk": 26,
  "fields": {
    "action_time": "2025-12-30T22:32:03.446Z",
    "user": 2,
    "content_type": 4,
    "object_id": "2",
    "object_repr": "davisson",
    "action_flag": 2,
    "change_message": "[]"
  }
},
{
  "model": "admin.logentry",
  "pk": 27,
  "fields": {
    "action_time": "2025-12-30T23:04:39.456Z",
    "user": 2,
    "content_type": 4,
    "object_id": "3",
    "object_repr": "milena",
    "action_flag": 1,
    "change_message": "[{\"added\": {}}]"
  }
},
{
  "model": "admin.logentry",
  "pk": 28,
  "fields": {
    "action_time": "2025-12-30T23:24:07.191Z",
    "user": 2,
    "content_type": 9,
    "object_id": "2",
    "object_repr": "PAPELARIA BRIMEC (62245573000132)",
    "action_flag": 1,
    "change_message": "[{\"added\": {}}]"
  }
},
{
  "model": "admin.logentry",
  "pk": 29,
  "fields": {
    "action_time": "2025-12-30T23:24:23.874Z",
    "user": 2,
    "content_type": 4,
    "object_id": "3",
    "object_repr": "milena",
    "action_flag": 2,
    "change_message": "[{\"added\": {\"name\": \"perfil usuario\", \"object\": \"milena -> PAPELARIA BRIMEC\"}}]"
  }
},
{
  "model": "admin.logentry",
  "pk": 30,
  "fields": {
    "action_time": "2025-12-31T02:45:34.934Z",
    "user": 2,
    "content_type": 11,
    "object_id": "1",
    "object_repr": "IGREJA DO EVANGELHIO QUADRANGULAR (62955505288080)",
    "action_flag": 1,
    "change_message": "[{\"added\": {}}]"
  }
},
{
  "model": "admin.logentry",
  "pk": 31,
  "fields": {
    "action_time": "2025-12-31T18:48:17.540Z",
    "user": 1,
    "content_type": 4,
    "object_id": "2",
    "object_repr": "davisson",
    "action_flag": 2,
    "change_message": "[{\"changed\": {\"fields\": [\"Staff status\"]}}]"
  }
},
{
  "model": "admin.logentry",
  "pk": 32,
  "fields": {
    "action_time": "2025-12-31T18:48:25.584Z",
    "user": 1,
    "content_type": 4,
    "object_id": "1",
    "object_repr": "dssnthx",
    "action_flag": 2,
    "change_message": "[]"
  }
},
{
  "model": "admin.logentry",
  "pk": 33,
  "fields": {
    "action_time": "2025-12-31T19:12:31.440Z",
    "user": 1,
    "content_type": 9,
    "object_id": "1",
    "object_repr": "DAVISSON T L FERREIRA (Homologação (Testes))",
    "action_flag": 2,
    "change_message": "[{\"changed\": {\"fields\": [\"Client ID (Nuvem Fiscal) - Testes\", \"Client Secret (Nuvem Fiscal) - Testes\"]}}]"
  }
},
{
  "model": "admin.logentry",
  "pk": 34,
  "fields": {
    "action_time": "2025-12-31T19:13:14.035Z",
    "user": 1,
    "content_type": 9,
    "object_id": "2",
    "object_repr": "M C LIMA BRIMEC ME (Homologação (Testes))",
    "action_flag": 2,
    "change_message": "[{\"changed\": {\"fields\": [\"Client ID (Nuvem Fiscal) - Testes\", \"Client Secret (Nuvem Fiscal) - Testes\"]}}]"
  }
},
{
  "model": "admin.logentry",
  "pk": 35,
  "fields": {
    "action_time": "2025-12-31T19:13:15.354Z",
    "user": 1,
    "content_type": 9,
    "object_id": "1",
    "object_repr": "DAVISSON T L FERREIRA (Homologação (Testes))",
    "action_flag": 2,
    "change_message": "[]"
  }
},
{
  "model": "admin.logentry",
  "pk": 36,
  "fields": {
    "action_time": "2025-12-31T20:22:59.613Z",
    "user": 1,
    "content_type": 7,
    "object_id": "61",
    "object_repr": "Nota 39 - R$ 1.60",
    "action_flag": 3,
    "change_message": ""
  }
},
{
  "model": "admin.logentry",
  "pk": 37,
  "fields": {
    "action_time": "2025-12-31T20:22:59.613Z",
    "user": 1,
    "content_type": 7,
    "object_id": "60",
    "object_repr": "Nota 38 - R$ 17.00",
    "action_flag": 3,
    "change_message": ""
  }
},
{
  "model": "admin.logentry",
  "pk": 38,
  "fields": {
    "action_time": "2025-12-31T20:22:59.613Z",
    "user": 1,
    "content_type": 7,
    "object_id": "59",
    "object_repr": "Nota 37 - R$ 21.15",
    "action_flag": 3,
    "change_message": ""
  }
},
{
  "model": "admin.logentry",
  "pk": 39,
  "fields": {
    "action_time": "2025-12-31T20:22:59.613Z",
    "user": 1,
    "content_type": 7,
    "object_id": "58",
    "object_repr": "Nota 36 - R$ 21.10",
    "action_flag": 3,
    "change_message": ""
  }
},
{
  "model": "admin.logentry",
  "pk": 40,
  "fields": {
    "action_time": "2025-12-31T20:22:59.613Z",
    "user": 1,
    "content_type": 7,
    "object_id": "57",
    "object_repr": "Nota 35 - R$ 200.50",
    "action_flag": 3,
    "change_message": ""
  }
},
{
  "model": "admin.logentry",
  "pk": 41,
  "fields": {
    "action_time": "2025-12-31T20:22:59.613Z",
    "user": 1,
    "content_type": 7,
    "object_id": "56",
    "object_repr": "Nota 34 - R$ 0.65",
    "action_flag": 3,
    "change_message": ""
  }
},
{
  "model": "admin.logentry",
  "pk": 42,
  "fields": {
    "action_time": "2025-12-31T20:22:59.613Z",
    "user": 1,
    "content_type": 7,
    "object_id": "55",
    "object_repr": "Nota 33 - R$ 123.35",
    "action_flag": 3,
    "change_message": ""
  }
},
{
  "model": "admin.logentry",
  "pk": 43,
  "fields": {
    "action_time": "2025-12-31T20:22:59.613Z",
    "user": 1,
    "content_type": 7,
    "object_id": "54",
    "object_repr": "Nota 32 - R$ 323.61",
    "action_flag": 3,
    "change_message": ""
  }
},
{
  "model": "admin.logentry",
  "pk": 44,
  "fields": {
    "action_time": "2025-12-31T20:22:59.613Z",
    "user": 1,
    "content_type": 7,
    "object_id": "53",
    "object_repr": "Nota 31 - R$ 0.65",
    "action_flag": 3,
    "change_message": ""
  }
},
{
  "model": "admin.logentry",
  "pk": 45,
  "fields": {
    "action_time": "2025-12-31T20:22:59.613Z",
    "user": 1,
    "content_type": 7,
    "object_id": "52",
    "object_repr": "Nota 30 - R$ 46.15",
    "action_flag": 3,
    "change_message": ""
  }
},
{
  "model": "admin.logentry",
  "pk": 46,
  "fields": {
    "action_time": "2025-12-31T20:22:59.613Z",
    "user": 1,
    "content_type": 7,
    "object_id": "51",
    "object_repr": "Nota 29 - R$ 100.15",
    "action_flag": 3,
    "change_message": ""
  }
},
{
  "model": "admin.logentry",
  "pk": 47,
  "fields": {
    "action_time": "2025-12-31T20:22:59.613Z",
    "user": 1,
    "content_type": 7,
    "object_id": "50",
    "object_repr": "Nota 28 - R$ 265.00",
    "action_flag": 3,
    "change_message": ""
  }
},
{
  "model": "admin.logentry",
  "pk": 48,
  "fields": {
    "action_time": "2025-12-31T20:22:59.613Z",
    "user": 1,
    "content_type": 7,
    "object_id": "49",
    "object_repr": "Nota 27 - R$ 1200.00",
    "action_flag": 3,
    "change_message": ""
  }
},
{
  "model": "admin.logentry",
  "pk": 49,
  "fields": {
    "action_time": "2025-12-31T20:22:59.613Z",
    "user": 1,
    "content_type": 7,
    "object_id": "48",
    "object_repr": "Nota 26 - R$ 100.05",
    "action_flag": 3,
    "change_message": ""
  }
},
{
  "model": "admin.logentry",
  "pk": 50,
  "fields": {
    "action_time": "2025-12-31T20:22:59.613Z",
    "user": 1,
    "content_type": 7,
    "object_id": "47",
    "object_repr": "Nota 25 - R$ 54.05",
    "action_flag": 3,
    "change_message": ""
  }
},
{
  "model": "admin.logentry",
  "pk": 51,
  "fields": {
    "action_time": "2025-12-31T20:22:59.613Z",
    "user": 1,
    "content_type": 7,
    "object_id": "46",
    "object_repr": "Nota 24 - R$ 132.50",
    "action_flag": 3,
    "change_message": ""
  }
},
{
  "model": "admin.logentry",
  "pk": 52,
  "fields": {
    "action_time": "2025-12-31T20:22:59.614Z",
    "user": 1,
    "content_type": 7,
    "object_id": "45",
    "object_repr": "Nota 23 - R$ 450.00",
    "action_flag": 3,
    "change_message": ""
  }
},
{
  "model": "admin.logentry",
  "pk": 53,
  "fields": {
    "action_time": "2025-12-31T20:22:59.614Z",
    "user": 1,
    "content_type": 7,
    "object_id": "44",
    "object_repr": "Nota 22 - R$ 1200.00",
    "action_flag": 3,
    "change_message": ""
  }
},
{
  "model": "admin.logentry",
  "pk": 54,
  "fields": {
    "action_time": "2025-12-31T20:22:59.614Z",
    "user": 1,
    "content_type": 7,
    "object_id": "43",
    "object_repr": "Nota 21 - R$ 50.00",
    "action_flag": 3,
    "change_message": ""
  }
},
{
  "model": "admin.logentry",
  "pk": 55,
  "fields": {
    "action_time": "2025-12-31T20:22:59.614Z",
    "user": 1,
    "content_type": 7,
    "object_id": "42",
    "object_repr": "Nota 20 - R$ 150.15",
    "action_flag": 3,
    "change_message": ""
  }
},
{
  "model": "admin.logentry",
  "pk": 56,
  "fields": {
    "action_time": "2025-12-31T20:22:59.614Z",
    "user": 1,
    "content_type": 7,
    "object_id": "41",
    "object_repr": "Nota 19 - R$ 600.00",
    "action_flag": 3,
    "change_message": ""
  }
},
{
  "model": "admin.logentry",
  "pk": 57,
  "fields": {
    "action_time": "2025-12-31T20:22:59.614Z",
    "user": 1,
    "content_type": 7,
    "object_id": "40",
    "object_repr": "Nota 18 - R$ 1200.00",
    "action_flag": 3,
    "change_message": ""
  }
},
{
  "model": "admin.logentry",
  "pk": 58,
  "fields": {
    "action_time": "2025-12-31T20:22:59.614Z",
    "user": 1,
    "content_type": 7,
    "object_id": "39",
    "object_repr": "Nota 17 - R$ 7.00",
    "action_flag": 3,
    "change_message": ""
  }
},
{
  "model": "admin.logentry",
  "pk": 59,
  "fields": {
    "action_time": "2025-12-31T20:22:59.614Z",
    "user": 1,
    "content_type": 7,
    "object_id": "38",
    "object_repr": "Nota 16 - R$ 350.00",
    "action_flag": 3,
    "change_message": ""
  }
},
{
  "model": "admin.logentry",
  "pk": 60,
  "fields": {
    "action_time": "2025-12-31T20:22:59.614Z",
    "user": 1,
    "content_type": 7,
    "object_id": "37",
    "object_repr": "Nota 15 - R$ 59.20",
    "action_flag": 3,
    "change_message": ""
  }
},
{
  "model": "admin.logentry",
  "pk": 61,
  "fields": {
    "action_time": "2025-12-31T20:22:59.614Z",
    "user": 1,
    "content_type": 7,
    "object_id": "36",
    "object_repr": "Nota 14 - R$ 100.00",
    "action_flag": 3,
    "change_message": ""
  }
},
{
  "model": "admin.logentry",
  "pk": 62,
  "fields": {
    "action_time": "2025-12-31T20:22:59.614Z",
    "user": 1,
    "content_type": 7,
    "object_id": "35",
    "object_repr": "Nota 13 - R$ 119.99",
    "action_flag": 3,
    "change_message": ""
  }
},
{
  "model": "admin.logentry",
  "pk": 63,
  "fields": {
    "action_time": "2025-12-31T20:22:59.614Z",
    "user": 1,
    "content_type": 7,
    "object_id": "34",
    "object_repr": "Nota 12 - R$ 568.40",
    "action_flag": 3,
    "change_message": ""
  }
},
{
  "model": "admin.logentry",
  "pk": 64,
  "fields": {
    "action_time": "2025-12-31T20:22:59.614Z",
    "user": 1,
    "content_type": 7,
    "object_id": "33",
    "object_repr": "Nota 11 - R$ 100.00",
    "action_flag": 3,
    "change_message": ""
  }
},
{
  "model": "admin.logentry",
  "pk": 65,
  "fields": {
    "action_time": "2025-12-31T20:22:59.614Z",
    "user": 1,
    "content_type": 7,
    "object_id": "32",
    "object_repr": "Nota 10 - R$ 50.25",
    "action_flag": 3,
    "change_message": ""
  }
},
{
  "model": "admin.logentry",
  "pk": 66,
  "fields": {
    "action_time": "2025-12-31T20:22:59.614Z",
    "user": 1,
    "content_type": 7,
    "object_id": "31",
    "object_repr": "Nota 9 - R$ 50.35",
    "action_flag": 3,
    "change_message": ""
  }
},
{
  "model": "admin.logentry",
  "pk": 67,
  "fields": {
    "action_time": "2025-12-31T20:22:59.614Z",
    "user": 1,
    "content_type": 7,
    "object_id": "30",
    "object_repr": "Nota 8 - R$ 100.00",
    "action_flag": 3,
    "change_message": ""
  }
},
{
  "model": "admin.logentry",
  "pk": 68,
  "fields": {
    "action_time": "2025-12-31T20:22:59.614Z",
    "user": 1,
    "content_type": 7,
    "object_id": "29",
    "object_repr": "Nota 7 - R$ 3.20",
    "action_flag": 3,
    "change_message": ""
  }
},
{
  "model": "admin.logentry",
  "pk": 69,
  "fields": {
    "action_time": "2025-12-31T20:22:59.614Z",
    "user": 1,
    "content_type": 7,
    "object_id": "28",
    "object_repr": "Nota 6 - R$ 1200.00",
    "action_flag": 3,
    "change_message": ""
  }
},
{
  "model": "admin.logentry",
  "pk": 70,
  "fields": {
    "action_time": "2025-12-31T20:22:59.614Z",
    "user": 1,
    "content_type": 7,
    "object_id": "27",
    "object_repr": "Nota 5 - R$ 600.35",
    "action_flag": 3,
    "change_message": ""
  }
},
{
  "model": "admin.logentry",
  "pk": 71,
  "fields": {
    "action_time": "2025-12-31T20:22:59.614Z",
    "user": 1,
    "content_type": 7,
    "object_id": "26",
    "object_repr": "Nota 4 - R$ 100.40",
    "action_flag": 3,
    "change_message": ""
  }
},
{
  "model": "admin.logentry",
  "pk": 72,
  "fields": {
    "action_time": "2025-12-31T20:22:59.614Z",
    "user": 1,
    "content_type": 7,
    "object_id": "25",
    "object_repr": "Nota 3 - R$ 400.00",
    "action_flag": 3,
    "change_message": ""
  }
},
{
  "model": "admin.logentry",
  "pk": 73,
  "fields": {
    "action_time": "2025-12-31T20:22:59.614Z",
    "user": 1,
    "content_type": 7,
    "object_id": "24",
    "object_repr": "Nota 2 - R$ 67.30",
    "action_flag": 3,
    "change_message": ""
  }
},
{
  "model": "admin.logentry",
  "pk": 74,
  "fields": {
    "action_time": "2025-12-31T20:22:59.614Z",
    "user": 1,
    "content_type": 7,
    "object_id": "23",
    "object_repr": "Nota 1 - R$ 20.00",
    "action_flag": 3,
    "change_message": ""
  }
},
{
  "model": "admin.logentry",
  "pk": 75,
  "fields": {
    "action_time": "2025-12-31T21:26:13.823Z",
    "user": 1,
    "content_type": 9,
    "object_id": "1",
    "object_repr": "DAVISSON T L FERREIRA (Produção (Valendo!))",
    "action_flag": 2,
    "change_message": "[]"
  }
},
{
  "model": "admin.logentry",
  "pk": 76,
  "fields": {
    "action_time": "2025-12-31T21:26:28.342Z",
    "user": 1,
    "content_type": 9,
    "object_id": "2",
    "object_repr": "M C LIMA BRIMEC ME (Produção (Valendo!))",
    "action_flag": 2,
    "change_message": "[{\"changed\": {\"fields\": [\"Ambiente Nuvem Fiscal\"]}}]"
  }
},
{
  "model": "admin.logentry",
  "pk": 77,
  "fields": {
    "action_time": "2026-01-09T20:08:53.544Z",
    "user": 1,
    "content_type": 8,
    "object_id": "273",
    "object_repr": "Cilindro Soprano Grande (R$ 24)",
    "action_flag": 1,
    "change_message": "[{\"added\": {}}]"
  }
},
{
  "model": "admin.logentry",
  "pk": 78,
  "fields": {
    "action_time": "2026-01-17T22:14:03.634Z",
    "user": 1,
    "content_type": 4,
    "object_id": "4",
    "object_repr": "dalvelina",
    "action_flag": 1,
    "change_message": "[{\"added\": {}}]"
  }
},
{
  "model": "auth.permission",
  "pk": 1,
  "fields": {
    "name": "Can add log entry",
    "content_type": 1,
    "codename": "add_logentry"
  }
},
{
  "model": "auth.permission",
  "pk": 2,
  "fields": {
    "name": "Can change log entry",
    "content_type": 1,
    "codename": "change_logentry"
  }
},
{
  "model": "auth.permission",
  "pk": 3,
  "fields": {
    "name": "Can delete log entry",
    "content_type": 1,
    "codename": "delete_logentry"
  }
},
{
  "model": "auth.permission",
  "pk": 4,
  "fields": {
    "name": "Can view log entry",
    "content_type": 1,
    "codename": "view_logentry"
  }
},
{
  "model": "auth.permission",
  "pk": 5,
  "fields": {
    "name": "Can add permission",
    "content_type": 3,
    "codename": "add_permission"
  }
},
{
  "model": "auth.permission",
  "pk": 6,
  "fields": {
    "name": "Can change permission",
    "content_type": 3,
    "codename": "change_permission"
  }
},
{
  "model": "auth.permission",
  "pk": 7,
  "fields": {
    "name": "Can delete permission",
    "content_type": 3,
    "codename": "delete_permission"
  }
},
{
  "model": "auth.permission",
  "pk": 8,
  "fields": {
    "name": "Can view permission",
    "content_type": 3,
    "codename": "view_permission"
  }
},
{
  "model": "auth.permission",
  "pk": 9,
  "fields": {
    "name": "Can add group",
    "content_type": 2,
    "codename": "add_group"
  }
},
{
  "model": "auth.permission",
  "pk": 10,
  "fields": {
    "name": "Can change group",
    "content_type": 2,
    "codename": "change_group"
  }
},
{
  "model": "auth.permission",
  "pk": 11,
  "fields": {
    "name": "Can delete group",
    "content_type": 2,
    "codename": "delete_group"
  }
},
{
  "model": "auth.permission",
  "pk": 12,
  "fields": {
    "name": "Can view group",
    "content_type": 2,
    "codename": "view_group"
  }
},
{
  "model": "auth.permission",
  "pk": 13,
  "fields": {
    "name": "Can add user",
    "content_type": 4,
    "codename": "add_user"
  }
},
{
  "model": "auth.permission",
  "pk": 14,
  "fields": {
    "name": "Can change user",
    "content_type": 4,
    "codename": "change_user"
  }
},
{
  "model": "auth.permission",
  "pk": 15,
  "fields": {
    "name": "Can delete user",
    "content_type": 4,
    "codename": "delete_user"
  }
},
{
  "model": "auth.permission",
  "pk": 16,
  "fields": {
    "name": "Can view user",
    "content_type": 4,
    "codename": "view_user"
  }
},
{
  "model": "auth.permission",
  "pk": 17,
  "fields": {
    "name": "Can add content type",
    "content_type": 5,
    "codename": "add_contenttype"
  }
},
{
  "model": "auth.permission",
  "pk": 18,
  "fields": {
    "name": "Can change content type",
    "content_type": 5,
    "codename": "change_contenttype"
  }
},
{
  "model": "auth.permission",
  "pk": 19,
  "fields": {
    "name": "Can delete content type",
    "content_type": 5,
    "codename": "delete_contenttype"
  }
},
{
  "model": "auth.permission",
  "pk": 20,
  "fields": {
    "name": "Can view content type",
    "content_type": 5,
    "codename": "view_contenttype"
  }
},
{
  "model": "auth.permission",
  "pk": 21,
  "fields": {
    "name": "Can add session",
    "content_type": 6,
    "codename": "add_session"
  }
},
{
  "model": "auth.permission",
  "pk": 22,
  "fields": {
    "name": "Can change session",
    "content_type": 6,
    "codename": "change_session"
  }
},
{
  "model": "auth.permission",
  "pk": 23,
  "fields": {
    "name": "Can delete session",
    "content_type": 6,
    "codename": "delete_session"
  }
},
{
  "model": "auth.permission",
  "pk": 24,
  "fields": {
    "name": "Can view session",
    "content_type": 6,
    "codename": "view_session"
  }
},
{
  "model": "auth.permission",
  "pk": 25,
  "fields": {
    "name": "Can add nota fiscal",
    "content_type": 7,
    "codename": "add_notafiscal"
  }
},
{
  "model": "auth.permission",
  "pk": 26,
  "fields": {
    "name": "Can change nota fiscal",
    "content_type": 7,
    "codename": "change_notafiscal"
  }
},
{
  "model": "auth.permission",
  "pk": 27,
  "fields": {
    "name": "Can delete nota fiscal",
    "content_type": 7,
    "codename": "delete_notafiscal"
  }
},
{
  "model": "auth.permission",
  "pk": 28,
  "fields": {
    "name": "Can view nota fiscal",
    "content_type": 7,
    "codename": "view_notafiscal"
  }
},
{
  "model": "auth.permission",
  "pk": 29,
  "fields": {
    "name": "Can add Produto",
    "content_type": 8,
    "codename": "add_produto"
  }
},
{
  "model": "auth.permission",
  "pk": 30,
  "fields": {
    "name": "Can change Produto",
    "content_type": 8,
    "codename": "change_produto"
  }
},
{
  "model": "auth.permission",
  "pk": 31,
  "fields": {
    "name": "Can delete Produto",
    "content_type": 8,
    "codename": "delete_produto"
  }
},
{
  "model": "auth.permission",
  "pk": 32,
  "fields": {
    "name": "Can view Produto",
    "content_type": 8,
    "codename": "view_produto"
  }
},
{
  "model": "auth.permission",
  "pk": 33,
  "fields": {
    "name": "Can add Empresa / Loja",
    "content_type": 9,
    "codename": "add_empresa"
  }
},
{
  "model": "auth.permission",
  "pk": 34,
  "fields": {
    "name": "Can change Empresa / Loja",
    "content_type": 9,
    "codename": "change_empresa"
  }
},
{
  "model": "auth.permission",
  "pk": 35,
  "fields": {
    "name": "Can delete Empresa / Loja",
    "content_type": 9,
    "codename": "delete_empresa"
  }
},
{
  "model": "auth.permission",
  "pk": 36,
  "fields": {
    "name": "Can view Empresa / Loja",
    "content_type": 9,
    "codename": "view_empresa"
  }
},
{
  "model": "auth.permission",
  "pk": 37,
  "fields": {
    "name": "Can add perfil usuario",
    "content_type": 10,
    "codename": "add_perfilusuario"
  }
},
{
  "model": "auth.permission",
  "pk": 38,
  "fields": {
    "name": "Can change perfil usuario",
    "content_type": 10,
    "codename": "change_perfilusuario"
  }
},
{
  "model": "auth.permission",
  "pk": 39,
  "fields": {
    "name": "Can delete perfil usuario",
    "content_type": 10,
    "codename": "delete_perfilusuario"
  }
},
{
  "model": "auth.permission",
  "pk": 40,
  "fields": {
    "name": "Can view perfil usuario",
    "content_type": 10,
    "codename": "view_perfilusuario"
  }
},
{
  "model": "auth.permission",
  "pk": 41,
  "fields": {
    "name": "Can add Cliente",
    "content_type": 11,
    "codename": "add_cliente"
  }
},
{
  "model": "auth.permission",
  "pk": 42,
  "fields": {
    "name": "Can change Cliente",
    "content_type": 11,
    "codename": "change_cliente"
  }
},
{
  "model": "auth.permission",
  "pk": 43,
  "fields": {
    "name": "Can delete Cliente",
    "content_type": 11,
    "codename": "delete_cliente"
  }
},
{
  "model": "auth.permission",
  "pk": 44,
  "fields": {
    "name": "Can view Cliente",
    "content_type": 11,
    "codename": "view_cliente"
  }
},
{
  "model": "auth.permission",
  "pk": 45,
  "fields": {
    "name": "Can add movimentacao",
    "content_type": 13,
    "codename": "add_movimentacao"
  }
},
{
  "model": "auth.permission",
  "pk": 46,
  "fields": {
    "name": "Can change movimentacao",
    "content_type": 13,
    "codename": "change_movimentacao"
  }
},
{
  "model": "auth.permission",
  "pk": 47,
  "fields": {
    "name": "Can delete movimentacao",
    "content_type": 13,
    "codename": "delete_movimentacao"
  }
},
{
  "model": "auth.permission",
  "pk": 48,
  "fields": {
    "name": "Can view movimentacao",
    "content_type": 13,
    "codename": "view_movimentacao"
  }
},
{
  "model": "auth.permission",
  "pk": 49,
  "fields": {
    "name": "Can add fechamento caixa",
    "content_type": 12,
    "codename": "add_fechamentocaixa"
  }
},
{
  "model": "auth.permission",
  "pk": 50,
  "fields": {
    "name": "Can change fechamento caixa",
    "content_type": 12,
    "codename": "change_fechamentocaixa"
  }
},
{
  "model": "auth.permission",
  "pk": 51,
  "fields": {
    "name": "Can delete fechamento caixa",
    "content_type": 12,
    "codename": "delete_fechamentocaixa"
  }
},
{
  "model": "auth.permission",
  "pk": 52,
  "fields": {
    "name": "Can view fechamento caixa",
    "content_type": 12,
    "codename": "view_fechamentocaixa"
  }
},
{
  "model": "auth.permission",
  "pk": 53,
  "fields": {
    "name": "Can add categoria",
    "content_type": 14,
    "codename": "add_categoria"
  }
},
{
  "model": "auth.permission",
  "pk": 54,
  "fields": {
    "name": "Can change categoria",
    "content_type": 14,
    "codename": "change_categoria"
  }
},
{
  "model": "auth.permission",
  "pk": 55,
  "fields": {
    "name": "Can delete categoria",
    "content_type": 14,
    "codename": "delete_categoria"
  }
},
{
  "model": "auth.permission",
  "pk": 56,
  "fields": {
    "name": "Can view categoria",
    "content_type": 14,
    "codename": "view_categoria"
  }
},
{
  "model": "auth.user",
  "pk": 1,
  "fields": {
    "password": "pbkdf2_sha256$1200000$8BB4P8QvPUOmZWbcdiuPCI$bryd1WPuRZenevDZKW4gxH1eUNc/kyVp1b8hyoRfTwo=",
    "last_login": "2026-01-23T20:05:44.951Z",
    "is_superuser": true,
    "username": "dssnthx",
    "first_name": "",
    "last_name": "",
    "email": "davissontiagolf@gmail.com",
    "is_staff": true,
    "is_active": true,
    "date_joined": "2025-12-26T23:10:16Z",
    "groups": [],
    "user_permissions": []
  }
},
{
  "model": "auth.user",
  "pk": 2,
  "fields": {
    "password": "pbkdf2_sha256$1200000$oAwITx9vECZ91rMMg4lH50$f9D1SFjnE06KHjj4qLuteQWgRVImOi+zK6i+N9qNKI4=",
    "last_login": "2026-01-29T20:15:31.813Z",
    "is_superuser": false,
    "username": "davisson",
    "first_name": "",
    "last_name": "",
    "email": "davissontiagolf@gmail.com",
    "is_staff": false,
    "is_active": true,
    "date_joined": "2025-12-27T02:56:29Z",
    "groups": [],
    "user_permissions": []
  }
},
{
  "model": "auth.user",
  "pk": 3,
  "fields": {
    "password": "pbkdf2_sha256$1200000$kNz6XiNxmCkJUSjUdv4Rbx$j3dfAHMGR38lyJXs/dhOUlS3T544My7QvC2uedT4jms=",
    "last_login": "2026-01-24T19:21:45.970Z",
    "is_superuser": false,
    "username": "milena",
    "first_name": "",
    "last_name": "",
    "email": "",
    "is_staff": false,
    "is_active": true,
    "date_joined": "2025-12-30T23:04:38Z",
    "groups": [],
    "user_permissions": []
  }
},
{
  "model": "auth.user",
  "pk": 4,
  "fields": {
    "password": "pbkdf2_sha256$1200000$naoOOMasjIqCQ349fIMFnN$p7fF/Zdm6sHXJseYzGiF8RPNcf93+RFwOWDRADwJZvs=",
    "last_login": "2026-01-17T22:37:23.223Z",
    "is_superuser": false,
    "username": "dalvelina",
    "first_name": "",
    "last_name": "",
    "email": "",
    "is_staff": false,
    "is_active": true,
    "date_joined": "2026-01-17T22:14:02.930Z",
    "groups": [],
    "user_permissions": []
  }
},
{
  "model": "contenttypes.contenttype",
  "pk": 1,
  "fields": {
    "app_label": "admin",
    "model": "logentry"
  }
},
{
  "model": "contenttypes.contenttype",
  "pk": 2,
  "fields": {
    "app_label": "auth",
    "model": "group"
  }
},
{
  "model": "contenttypes.contenttype",
  "pk": 3,
  "fields": {
    "app_label": "auth",
    "model": "permission"
  }
},
{
  "model": "contenttypes.contenttype",
  "pk": 4,
  "fields": {
    "app_label": "auth",
    "model": "user"
  }
},
{
  "model": "contenttypes.contenttype",
  "pk": 5,
  "fields": {
    "app_label": "contenttypes",
    "model": "contenttype"
  }
},
{
  "model": "contenttypes.contenttype",
  "pk": 6,
  "fields": {
    "app_label": "sessions",
    "model": "session"
  }
},
{
  "model": "contenttypes.contenttype",
  "pk": 7,
  "fields": {
    "app_label": "core",
    "model": "notafiscal"
  }
},
{
  "model": "contenttypes.contenttype",
  "pk": 8,
  "fields": {
    "app_label": "estoque",
    "model": "produto"
  }
},
{
  "model": "contenttypes.contenttype",
  "pk": 9,
  "fields": {
    "app_label": "core",
    "model": "empresa"
  }
},
{
  "model": "contenttypes.contenttype",
  "pk": 10,
  "fields": {
    "app_label": "core",
    "model": "perfilusuario"
  }
},
{
  "model": "contenttypes.contenttype",
  "pk": 11,
  "fields": {
    "app_label": "core",
    "model": "cliente"
  }
},
{
  "model": "contenttypes.contenttype",
  "pk": 12,
  "fields": {
    "app_label": "financeiro",
    "model": "fechamentocaixa"
  }
},
{
  "model": "contenttypes.contenttype",
  "pk": 13,
  "fields": {
    "app_label": "financeiro",
    "model": "movimentacao"
  }
},
{
  "model": "contenttypes.contenttype",
  "pk": 14,
  "fields": {
    "app_label": "financeiro",
    "model": "categoria"
  }
},
{
  "model": "sessions.session",
  "pk": "01bcr00kfez52xmmut3fi7wcqajfzipg",
  "fields": {
    "session_data": ".eJxVjDsOwjAQBe_iGlnr_4aSnjNY6x8OIEeKkwpxd7CUAto3M-_FPO1b9XvPq58TOzPFTr9boPjIbYB0p3ZbeFzats6BD4UftPPrkvLzcrh_B5V6HXUxGpzNEE0AiVFMGgtKKCobK0FRQnC6BBLKCVQGRbFGoJgkhW9K7P0BxCo23g:1vjjCc:T0ZS_CKxBj_qpKEOYoVyDR5_at858cWymUTwawShPOk",
    "expire_date": "2026-02-07T19:21:46.084Z"
  }
},
{
  "model": "sessions.session",
  "pk": "0uf4irvtflj9mro0qr2jbks7lvyd618k",
  "fields": {
    "session_data": ".eJxVjDsOwjAQBe_iGlle_zahpOcMkXe94ACKpTipEHdHllJA-2bmvdWU9q1Me5N1mrM6K1Cn340SP2XpID_Scq-a67KtM-mu6IM2fa1ZXpfD_TsoqZVeWxwd2Rt6yzE5iwYyxyA-w-iQwsDgzRA4RBLxhBGBDAhhBpZkRH2-zUo3xA:1vjNPd:vNo-gIU_rCupYP5X1LRP5tt28uA4w_7RAbd2h5VaOVM",
    "expire_date": "2026-02-06T20:05:45.100Z"
  }
},
{
  "model": "sessions.session",
  "pk": "1jtj6aw97xzhjzqm2uf5zrjgm309egb7",
  "fields": {
    "session_data": ".eJxVjDsOwjAQBe_iGlnr_4aSnjNY6x8OIEeKkwpxd7CUAto3M-_FPO1b9XvPq58TOzPFTr9boPjIbYB0p3ZbeFzats6BD4UftPPrkvLzcrh_B5V6HXUxGpzNEE0AiVFMGgtKKCobK0FRQnC6BBLKCVQGRbFGoJgkhW9K7P0BxCo23g:1vb3V0:LbqChf3H0s9i9WYsigARf7tX6hr2nCSKwBg-ObMClp8",
    "expire_date": "2026-01-14T21:12:54.401Z"
  }
},
{
  "model": "sessions.session",
  "pk": "5fg6sr22gtyuro66fw5fcv6miecdgc1z",
  "fields": {
    "session_data": ".eJxVjDsOwjAQBe_iGlnr_4aSnjNY6x8OIEeKkwpxd7CUAto3M-_FPO1b9XvPq58TOzPFTr9boPjIbYB0p3ZbeFzats6BD4UftPPrkvLzcrh_B5V6HXUxGpzNEE0AiVFMGgtKKCobK0FRQnC6BBLKCVQGRbFGoJgkhW9K7P0BxCo23g:1vajgX:-PTqVdfMykJh4rwiGKC6G6cYpTnuPVaJYoxM-rhAliE",
    "expire_date": "2026-01-14T00:03:29.063Z"
  }
},
{
  "model": "sessions.session",
  "pk": "9dz1pvz4k8w1ajc10bskkldaymzdufbn",
  "fields": {
    "session_data": ".eJxVjEsOAiEQBe_C2hBoGhtcuvcMhK-MGkiGmZXx7oZkFrp9VfXezPl9q24feXVLYhcG7PS7BR-fuU2QHr7dO4-9besS-FT4QQe_9ZRf18P9O6h-1FlDNkWShIwCbdBKaRmKtKSyPiNJBI2FDFAgVUQBFUWMJLQ0KZFGyz5ftfI2jA:1vaeDj:58qm2bDMTnRjUL0YmIFH2y4v0eRCalLKRSjVpfIZwn0",
    "expire_date": "2026-01-13T18:13:23.864Z"
  }
},
{
  "model": "sessions.session",
  "pk": "9lsmt16yjwlh7ketsbfpwcajhyqrs2xv",
  "fields": {
    "session_data": ".eJxVjDsOwjAQBe_iGlle_zahpOcMkXe94ACKpTipEHdHllJA-2bmvdWU9q1Me5N1mrM6K1Cn340SP2XpID_Scq-a67KtM-mu6IM2fa1ZXpfD_TsoqZVeWxwd2Rt6yzE5iwYyxyA-w-iQwsDgzRA4RBLxhBGBDAhhBpZkRH2-zUo3xA:1vhEXV:Eja2sJgzTbpE9lV1OtVICR5CbVMWjKt4HBk3VLIjcZo",
    "expire_date": "2026-01-31T22:13:01.113Z"
  }
},
{
  "model": "sessions.session",
  "pk": "d2dp7e0w9ekndxm6ofufcfvga4kb7ibk",
  "fields": {
    "session_data": ".eJxVjEsOAiEQBe_C2hBoGhtcuvcMhK-MGkiGmZXx7oZkFrp9VfXezPl9q24feXVLYhcG7PS7BR-fuU2QHr7dO4-9besS-FT4QQe_9ZRf18P9O6h-1FlDNkWShIwCbdBKaRmKtKSyPiNJBI2FDFAgVUQBFUWMJLQ0KZFGyz5ftfI2jA:1vah0q:KhEVse293QqF5AAZud8dEXAPqRSmZWxD3X84qt_av5I",
    "expire_date": "2026-01-13T21:12:16.215Z"
  }
},
{
  "model": "sessions.session",
  "pk": "dvrlitlg823emzvp258k022fhoadfwnu",
  "fields": {
    "session_data": ".eJxVjEsOAiEQBe_C2hBoGhtcuvcMhK-MGkiGmZXx7oZkFrp9VfXezPl9q24feXVLYhcG7PS7BR-fuU2QHr7dO4-9besS-FT4QQe_9ZRf18P9O6h-1FlDNkWShIwCbdBKaRmKtKSyPiNJBI2FDFAgVUQBFUWMJLQ0KZFGyz5ftfI2jA:1veInA:71YpEeFWLqaGp1Kf2PFs6MRRgl5ApBbLks9eIwRXBOM",
    "expire_date": "2026-01-23T20:09:04.236Z"
  }
},
{
  "model": "sessions.session",
  "pk": "elh8z1q94rvr1kms4nmddyj0qr6u17q7",
  "fields": {
    "session_data": ".eJxVjDsOwjAQBe_iGlnr_4aSnjNY6x8OIEeKkwpxd7CUAto3M-_FPO1b9XvPq58TOzPFTr9boPjIbYB0p3ZbeFzats6BD4UftPPrkvLzcrh_B5V6HXUxGpzNEE0AiVFMGgtKKCobK0FRQnC6BBLKCVQGRbFGoJgkhW9K7P0BxCo23g:1vakhY:spTf3BbO07M9lud5Yc7UrqgMNxsrc0TrTzlPH2bWNHo",
    "expire_date": "2026-01-14T01:08:36.915Z"
  }
},
{
  "model": "sessions.session",
  "pk": "giqi9seq1bhatwbcb5hl7bd3l5q09afq",
  "fields": {
    "session_data": ".eJxVjEsOAiEQBe_C2hBoGhtcuvcMhK-MGkiGmZXx7oZkFrp9VfXezPl9q24feXVLYhcG7PS7BR-fuU2QHr7dO4-9besS-FT4QQe_9ZRf18P9O6h-1FlDNkWShIwCbdBKaRmKtKSyPiNJBI2FDFAgVUQBFUWMJLQ0KZFGyz5ftfI2jA:1vaeYv:dVyKQfeRxK736JAQtnEDQHzMlt1ZBGjK_rZQM3b_Mhw",
    "expire_date": "2026-01-13T18:35:17.169Z"
  }
},
{
  "model": "sessions.session",
  "pk": "jq8lkxl9hg7mub0uybc5vb7t5txbatex",
  "fields": {
    "session_data": ".eJxVjEsOAiEQBe_C2hBoGhtcuvcMhK-MGkiGmZXx7oZkFrp9VfXezPl9q24feXVLYhcG7PS7BR-fuU2QHr7dO4-9besS-FT4QQe_9ZRf18P9O6h-1FlDNkWShIwCbdBKaRmKtKSyPiNJBI2FDFAgVUQBFUWMJLQ0KZFGyz5ftfI2jA:1vlYQN:rJx6M20YN09H4k_z5xPKiFBEaeNTpaejGJp5Sirmtyk",
    "expire_date": "2026-02-12T20:15:31.944Z"
  }
},
{
  "model": "sessions.session",
  "pk": "ooyxd6obpmiq8qnqqs2sy4jzqxfpml7w",
  "fields": {
    "session_data": ".eJxVjDsOwjAQBe_iGlm2s_5R0nMGa9cfHEC2FCcV4u4QKQW0b2beiwXc1hq2kZcwJ3ZmwE6_G2F85LaDdMd26zz2ti4z8V3hBx382lN-Xg7376DiqN_aFzTRuAKakjBKKq9BagXCYCGcSBgP1iQCdDYr572aAGSWTkldrC_s_QHHMTbF:1vhEiU:5YZ0cE0B1tJASNGHUfyJwmUCkNRxrC-7YZGglgYIw30",
    "expire_date": "2026-01-31T22:24:22.343Z"
  }
},
{
  "model": "sessions.session",
  "pk": "q6cd2l6qau72ofhqrsvmtkihfyu0seog",
  "fields": {
    "session_data": ".eJxVjEsOAiEQBe_C2hBoGhtcuvcMhK-MGkiGmZXx7oZkFrp9VfXezPl9q24feXVLYhcG7PS7BR-fuU2QHr7dO4-9besS-FT4QQe_9ZRf18P9O6h-1FlDNkWShIwCbdBKaRmKtKSyPiNJBI2FDFAgVUQBFUWMJLQ0KZFGyz5ftfI2jA:1vfnOV:KLTo9EuZFIK1-EeoEMmHRNM2qMTf6y6QggdTL3T8NnQ",
    "expire_date": "2026-01-27T23:01:47.194Z"
  }
},
{
  "model": "sessions.session",
  "pk": "qhlz7nfwkwiomtotemi9j1lt09yhdfww",
  "fields": {
    "session_data": ".eJxVjEsOAiEQBe_C2hBoGhtcuvcMhK-MGkiGmZXx7oZkFrp9VfXezPl9q24feXVLYhcG7PS7BR-fuU2QHr7dO4-9besS-FT4QQe_9ZRf18P9O6h-1FlDNkWShIwCbdBKaRmKtKSyPiNJBI2FDFAgVUQBFUWMJLQ0KZFGyz5ftfI2jA:1vagrJ:lIhLrQp2ydgKUDbyslzFrYkkJhIxGucqC67fhODvRDI",
    "expire_date": "2026-01-13T21:02:25.071Z"
  }
},
{
  "model": "sessions.session",
  "pk": "rrsbcfa7h46m5xmyai58yj24ex4jnasv",
  "fields": {
    "session_data": ".eJxVjEsOAiEQBe_C2hBoGhtcuvcMhK-MGkiGmZXx7oZkFrp9VfXezPl9q24feXVLYhcG7PS7BR-fuU2QHr7dO4-9besS-FT4QQe_9ZRf18P9O6h-1FlDNkWShIwCbdBKaRmKtKSyPiNJBI2FDFAgVUQBFUWMJLQ0KZFGyz5ftfI2jA:1vajMP:sRHCrxjVxnq-NJC8XiV6E-LvYa0-clZpG0jVd4BKaF4",
    "expire_date": "2026-01-13T23:42:41.957Z"
  }
},
{
  "model": "sessions.session",
  "pk": "rusxzeu8l5sqz18wlbkr3v3sczs8uynk",
  "fields": {
    "session_data": ".eJxVjDsOwjAQBe_iGlm2s_5R0nMGa9cfHEC2FCcV4u4QKQW0b2beiwXc1hq2kZcwJ3ZmwE6_G2F85LaDdMd26zz2ti4z8V3hBx382lN-Xg7376DiqN_aFzTRuAKakjBKKq9BagXCYCGcSBgP1iQCdDYr572aAGSWTkldrC_s_QHHMTbF:1vhEv5:hp85iG1eUz-PMjFQ0G5DKqXN8FamDhvjgVZa2j1YZRA",
    "expire_date": "2026-01-31T22:37:23.339Z"
  }
},
{
  "model": "sessions.session",
  "pk": "vg82iu020wcji8tduturfj3y0cu3j4b6",
  "fields": {
    "session_data": ".eJxVjDsOwjAQBe_iGlm2s_5R0nMGa9cfHEC2FCcV4u4QKQW0b2beiwXc1hq2kZcwJ3ZmwE6_G2F85LaDdMd26zz2ti4z8V3hBx382lN-Xg7376DiqN_aFzTRuAKakjBKKq9BagXCYCGcSBgP1iQCdDYr572aAGSWTkldrC_s_QHHMTbF:1vhEjA:_4CVw3pvcfH0zNctoyXgb4b4uUgrPoF8HqsYLtUk5MU",
    "expire_date": "2026-01-31T22:25:04.434Z"
  }
},
{
  "model": "sessions.session",
  "pk": "wrk0neidid19j7weun0m4ogqtgr7hsjv",
  "fields": {
    "session_data": ".eJxVjEsOAiEQBe_C2hBoGhtcuvcMhK-MGkiGmZXx7oZkFrp9VfXezPl9q24feXVLYhcG7PS7BR-fuU2QHr7dO4-9besS-FT4QQe_9ZRf18P9O6h-1FlDNkWShIwCbdBKaRmKtKSyPiNJBI2FDFAgVUQBFUWMJLQ0KZFGyz5ftfI2jA:1vah0p:wMIWmzksv3Ol2ctKcnycjQdc5mEPjhsTJ1FnlOHirZ4",
    "expire_date": "2026-01-13T21:12:15.677Z"
  }
},
{
  "model": "sessions.session",
  "pk": "x03z7jwxcbnhok11pjre1yvr99qlsm9k",
  "fields": {
    "session_data": ".eJxVjDsOwjAQBe_iGlnr_4aSnjNY6x8OIEeKkwpxd7CUAto3M-_FPO1b9XvPq58TOzPFTr9boPjIbYB0p3ZbeFzats6BD4UftPPrkvLzcrh_B5V6HXUxGpzNEE0AiVFMGgtKKCobK0FRQnC6BBLKCVQGRbFGoJgkhW9K7P0BxCo23g:1vakaw:1LHnXSes8eHNmVvq0F7OtBVyuF9VAtuEhjiKZ6QsUz4",
    "expire_date": "2026-01-14T01:01:46.640Z"
  }
},
{
  "model": "financeiro.fechamentocaixa",
  "pk": 1,
  "fields": {
    "data": "2026-01-26",
    "saldo_inicial": "828.00",
    "saldo_final_fisico": "1105.00",
    "loja_fechada": false,
    "cache_total_cartao": "0.00",
    "cache_total_saida": "0.00"
  }
},
{
  "model": "financeiro.fechamentocaixa",
  "pk": 2,
  "fields": {
    "data": "2026-01-23",
    "saldo_inicial": "682.00",
    "saldo_final_fisico": "806.00",
    "loja_fechada": false,
    "cache_total_cartao": "0.00",
    "cache_total_saida": "0.00"
  }
},
{
  "model": "financeiro.fechamentocaixa",
  "pk": 3,
  "fields": {
    "data": "2026-01-24",
    "saldo_inicial": "806.00",
    "saldo_final_fisico": "828.00",
    "loja_fechada": false,
    "cache_total_cartao": "0.00",
    "cache_total_saida": "0.00"
  }
},
{
  "model": "financeiro.fechamentocaixa",
  "pk": 4,
  "fields": {
    "data": "2026-01-22",
    "saldo_inicial": "892.00",
    "saldo_final_fisico": "682.00",
    "loja_fechada": false,
    "cache_total_cartao": "0.00",
    "cache_total_saida": "0.00"
  }
},
{
  "model": "financeiro.fechamentocaixa",
  "pk": 5,
  "fields": {
    "data": "2026-01-21",
    "saldo_inicial": "1963.00",
    "saldo_final_fisico": "892.00",
    "loja_fechada": false,
    "cache_total_cartao": "0.00",
    "cache_total_saida": "0.00"
  }
},
{
  "model": "financeiro.fechamentocaixa",
  "pk": 6,
  "fields": {
    "data": "2026-01-25",
    "saldo_inicial": "0.00",
    "saldo_final_fisico": "0.00",
    "loja_fechada": false,
    "cache_total_cartao": "0.00",
    "cache_total_saida": "0.00"
  }
},
{
  "model": "financeiro.fechamentocaixa",
  "pk": 7,
  "fields": {
    "data": "2026-01-20",
    "saldo_inicial": "1636.00",
    "saldo_final_fisico": "1963.00",
    "loja_fechada": false,
    "cache_total_cartao": "0.00",
    "cache_total_saida": "0.00"
  }
},
{
  "model": "financeiro.fechamentocaixa",
  "pk": 8,
  "fields": {
    "data": "2026-01-01",
    "saldo_inicial": "0.00",
    "saldo_final_fisico": "1666.00",
    "loja_fechada": false,
    "cache_total_cartao": "0.00",
    "cache_total_saida": "0.00"
  }
},
{
  "model": "financeiro.fechamentocaixa",
  "pk": 9,
  "fields": {
    "data": "2026-01-02",
    "saldo_inicial": "1666.00",
    "saldo_final_fisico": "1019.00",
    "loja_fechada": false,
    "cache_total_cartao": "0.00",
    "cache_total_saida": "0.00"
  }
},
{
  "model": "financeiro.fechamentocaixa",
  "pk": 10,
  "fields": {
    "data": "2026-01-03",
    "saldo_inicial": "1019.00",
    "saldo_final_fisico": "1470.00",
    "loja_fechada": false,
    "cache_total_cartao": "0.00",
    "cache_total_saida": "0.00"
  }
},
{
  "model": "financeiro.fechamentocaixa",
  "pk": 11,
  "fields": {
    "data": "2026-01-19",
    "saldo_inicial": "852.00",
    "saldo_final_fisico": "1636.00",
    "loja_fechada": false,
    "cache_total_cartao": "0.00",
    "cache_total_saida": "0.00"
  }
},
{
  "model": "financeiro.fechamentocaixa",
  "pk": 12,
  "fields": {
    "data": "2026-01-04",
    "saldo_inicial": "1470.00",
    "saldo_final_fisico": "1470.00",
    "loja_fechada": true,
    "cache_total_cartao": "0.00",
    "cache_total_saida": "0.00"
  }
},
{
  "model": "financeiro.fechamentocaixa",
  "pk": 13,
  "fields": {
    "data": "2026-01-05",
    "saldo_inicial": "1470.00",
    "saldo_final_fisico": "2029.00",
    "loja_fechada": false,
    "cache_total_cartao": "0.00",
    "cache_total_saida": "0.00"
  }
},
{
  "model": "financeiro.fechamentocaixa",
  "pk": 14,
  "fields": {
    "data": "2026-01-06",
    "saldo_inicial": "2029.00",
    "saldo_final_fisico": "1680.00",
    "loja_fechada": false,
    "cache_total_cartao": "0.00",
    "cache_total_saida": "0.00"
  }
},
{
  "model": "financeiro.fechamentocaixa",
  "pk": 15,
  "fields": {
    "data": "2026-01-07",
    "saldo_inicial": "1680.00",
    "saldo_final_fisico": "2247.00",
    "loja_fechada": false,
    "cache_total_cartao": "0.00",
    "cache_total_saida": "0.00"
  }
},
{
  "model": "financeiro.fechamentocaixa",
  "pk": 16,
  "fields": {
    "data": "2025-12-31",
    "saldo_inicial": "0.00",
    "saldo_final_fisico": "0.00",
    "loja_fechada": false,
    "cache_total_cartao": "0.00",
    "cache_total_saida": "0.00"
  }
},
{
  "model": "financeiro.fechamentocaixa",
  "pk": 17,
  "fields": {
    "data": "2025-12-30",
    "saldo_inicial": "0.00",
    "saldo_final_fisico": "0.00",
    "loja_fechada": false,
    "cache_total_cartao": "0.00",
    "cache_total_saida": "0.00"
  }
},
{
  "model": "financeiro.fechamentocaixa",
  "pk": 18,
  "fields": {
    "data": "2026-01-12",
    "saldo_inicial": "2171.00",
    "saldo_final_fisico": "403.00",
    "loja_fechada": false,
    "cache_total_cartao": "0.00",
    "cache_total_saida": "0.00"
  }
},
{
  "model": "financeiro.fechamentocaixa",
  "pk": 19,
  "fields": {
    "data": "2026-01-11",
    "saldo_inicial": "2171.00",
    "saldo_final_fisico": "2171.00",
    "loja_fechada": true,
    "cache_total_cartao": "0.00",
    "cache_total_saida": "0.00"
  }
},
{
  "model": "financeiro.fechamentocaixa",
  "pk": 20,
  "fields": {
    "data": "2026-01-10",
    "saldo_inicial": "2092.00",
    "saldo_final_fisico": "2171.00",
    "loja_fechada": false,
    "cache_total_cartao": "0.00",
    "cache_total_saida": "0.00"
  }
},
{
  "model": "financeiro.fechamentocaixa",
  "pk": 21,
  "fields": {
    "data": "2026-01-30",
    "saldo_inicial": "3333.00",
    "saldo_final_fisico": "0.00",
    "loja_fechada": false,
    "cache_total_cartao": "0.00",
    "cache_total_saida": "0.00"
  }
},
{
  "model": "financeiro.fechamentocaixa",
  "pk": 22,
  "fields": {
    "data": "2026-01-29",
    "saldo_inicial": "2901.00",
    "saldo_final_fisico": "3333.00",
    "loja_fechada": false,
    "cache_total_cartao": "0.00",
    "cache_total_saida": "0.00"
  }
},
{
  "model": "financeiro.fechamentocaixa",
  "pk": 23,
  "fields": {
    "data": "2026-01-08",
    "saldo_inicial": "2247.00",
    "saldo_final_fisico": "2450.00",
    "loja_fechada": false,
    "cache_total_cartao": "0.00",
    "cache_total_saida": "0.00"
  }
},
{
  "model": "financeiro.fechamentocaixa",
  "pk": 24,
  "fields": {
    "data": "2026-01-09",
    "saldo_inicial": "2450.00",
    "saldo_final_fisico": "2092.00",
    "loja_fechada": false,
    "cache_total_cartao": "0.00",
    "cache_total_saida": "0.00"
  }
},
{
  "model": "financeiro.fechamentocaixa",
  "pk": 25,
  "fields": {
    "data": "2026-01-13",
    "saldo_inicial": "403.00",
    "saldo_final_fisico": "485.00",
    "loja_fechada": false,
    "cache_total_cartao": "0.00",
    "cache_total_saida": "0.00"
  }
},
{
  "model": "financeiro.fechamentocaixa",
  "pk": 26,
  "fields": {
    "data": "2026-01-14",
    "saldo_inicial": "485.00",
    "saldo_final_fisico": "208.00",
    "loja_fechada": false,
    "cache_total_cartao": "0.00",
    "cache_total_saida": "0.00"
  }
},
{
  "model": "financeiro.fechamentocaixa",
  "pk": 27,
  "fields": {
    "data": "2026-01-15",
    "saldo_inicial": "208.00",
    "saldo_final_fisico": "841.00",
    "loja_fechada": false,
    "cache_total_cartao": "0.00",
    "cache_total_saida": "0.00"
  }
},
{
  "model": "financeiro.fechamentocaixa",
  "pk": 28,
  "fields": {
    "data": "2026-01-16",
    "saldo_inicial": "841.00",
    "saldo_final_fisico": "656.00",
    "loja_fechada": false,
    "cache_total_cartao": "0.00",
    "cache_total_saida": "0.00"
  }
},
{
  "model": "financeiro.fechamentocaixa",
  "pk": 29,
  "fields": {
    "data": "2026-01-17",
    "saldo_inicial": "656.00",
    "saldo_final_fisico": "852.00",
    "loja_fechada": false,
    "cache_total_cartao": "0.00",
    "cache_total_saida": "0.00"
  }
},
{
  "model": "financeiro.fechamentocaixa",
  "pk": 30,
  "fields": {
    "data": "2026-01-18",
    "saldo_inicial": "852.00",
    "saldo_final_fisico": "852.00",
    "loja_fechada": true,
    "cache_total_cartao": "0.00",
    "cache_total_saida": "0.00"
  }
},
{
  "model": "financeiro.fechamentocaixa",
  "pk": 31,
  "fields": {
    "data": "2026-01-27",
    "saldo_inicial": "1105.00",
    "saldo_final_fisico": "2628.00",
    "loja_fechada": false,
    "cache_total_cartao": "0.00",
    "cache_total_saida": "0.00"
  }
},
{
  "model": "financeiro.fechamentocaixa",
  "pk": 32,
  "fields": {
    "data": "2026-01-28",
    "saldo_inicial": "2628.00",
    "saldo_final_fisico": "2901.00",
    "loja_fechada": false,
    "cache_total_cartao": "0.00",
    "cache_total_saida": "0.00"
  }
},
{
  "model": "financeiro.categoria",
  "pk": 1,
  "fields": {
    "nome": "InfinitePay",
    "tipo": "CARTAO"
  }
},
{
  "model": "financeiro.categoria",
  "pk": 2,
  "fields": {
    "nome": "MercadoPago",
    "tipo": "CARTAO"
  }
},
{
  "model": "financeiro.categoria",
  "pk": 3,
  "fields": {
    "nome": "Pra mim",
    "tipo": "SAIDA"
  }
},
{
  "model": "financeiro.categoria",
  "pk": 4,
  "fields": {
    "nome": "Vicente",
    "tipo": "SAIDA"
  }
},
{
  "model": "financeiro.categoria",
  "pk": 5,
  "fields": {
    "nome": "Loja",
    "tipo": "SAIDA"
  }
},
{
  "model": "financeiro.categoria",
  "pk": 6,
  "fields": {
    "nome": "Josias",
    "tipo": "SAIDA"
  }
},
{
  "model": "financeiro.categoria",
  "pk": 8,
  "fields": {
    "nome": "Geraldo",
    "tipo": "ENTRADA"
  }
},
{
  "model": "financeiro.categoria",
  "pk": 9,
  "fields": {
    "nome": "Guardei",
    "tipo": "SAIDA"
  }
},
{
  "model": "financeiro.categoria",
  "pk": 10,
  "fields": {
    "nome": "Bruno",
    "tipo": "SAIDA"
  }
},
{
  "model": "financeiro.categoria",
  "pk": 11,
  "fields": {
    "nome": "Nubank",
    "tipo": "CARTAO"
  }
},
{
  "model": "financeiro.categoria",
  "pk": 13,
  "fields": {
    "nome": "Mãe",
    "tipo": "SAIDA"
  }
},
{
  "model": "financeiro.categoria",
  "pk": 14,
  "fields": {
    "nome": "Cimento",
    "tipo": "SAIDA"
  }
},
{
  "model": "financeiro.categoria",
  "pk": 15,
  "fields": {
    "nome": "Aluguel  salão",
    "tipo": "SAIDA"
  }
},
{
  "model": "financeiro.categoria",
  "pk": 16,
  "fields": {
    "nome": "Mauricio",
    "tipo": "SAIDA"
  }
},
{
  "model": "financeiro.categoria",
  "pk": 17,
  "fields": {
    "nome": "Ajuda",
    "tipo": "SAIDA"
  }
},
{
  "model": "financeiro.categoria",
  "pk": 18,
  "fields": {
    "nome": "SuperCall",
    "tipo": "SAIDA"
  }
},
{
  "model": "financeiro.categoria",
  "pk": 19,
  "fields": {
    "nome": "Duplicatas",
    "tipo": "SAIDA"
  }
},
{
  "model": "financeiro.categoria",
  "pk": 20,
  "fields": {
    "nome": "Lila",
    "tipo": "SAIDA"
  }
},
{
  "model": "financeiro.categoria",
  "pk": 21,
  "fields": {
    "nome": "Guardado",
    "tipo": "ENTRADA"
  }
},
{
  "model": "financeiro.categoria",
  "pk": 22,
  "fields": {
    "nome": "Pensão Mãe",
    "tipo": "ENTRADA"
  }
},
{
  "model": "financeiro.categoria",
  "pk": 23,
  "fields": {
    "nome": "Dízimo",
    "tipo": "SAIDA"
  }
},
{
  "model": "financeiro.categoria",
  "pk": 26,
  "fields": {
    "nome": "Dalsy",
    "tipo": "ENTRADA"
  }
},
{
  "model": "financeiro.categoria",
  "pk": 27,
  "fields": {
    "nome": "Myrla",
    "tipo": "ENTRADA"
  }
},
{
  "model": "financeiro.categoria",
  "pk": 28,
  "fields": {
    "nome": "Compras",
    "tipo": "SAIDA"
  }
},
{
  "model": "financeiro.categoria",
  "pk": 29,
  "fields": {
    "nome": "Jonatas",
    "tipo": "ENTRADA"
  }
},
{
  "model": "financeiro.categoria",
  "pk": 31,
  "fields": {
    "nome": "Cláudio",
    "tipo": "SAIDA"
  }
},
{
  "model": "financeiro.categoria",
  "pk": 32,
  "fields": {
    "nome": "Sacolas",
    "tipo": "SAIDA"
  }
},
{
  "model": "financeiro.categoria",
  "pk": 33,
  "fields": {
    "nome": "Lanche",
    "tipo": "SAIDA"
  }
},
{
  "model": "financeiro.movimentacao",
  "pk": 1,
  "fields": {
    "fechamento": 9,
    "tipo": "CARTAO",
    "valor": "171.00",
    "categoria": 1,
    "descricao": null
  }
},
{
  "model": "financeiro.movimentacao",
  "pk": 2,
  "fields": {
    "fechamento": 9,
    "tipo": "CARTAO",
    "valor": "591.00",
    "categoria": 2,
    "descricao": null
  }
},
{
  "model": "financeiro.movimentacao",
  "pk": 3,
  "fields": {
    "fechamento": 9,
    "tipo": "SAIDA",
    "valor": "4.00",
    "categoria": 3,
    "descricao": null
  }
},
{
  "model": "financeiro.movimentacao",
  "pk": 4,
  "fields": {
    "fechamento": 10,
    "tipo": "SAIDA",
    "valor": "100.00",
    "categoria": 4,
    "descricao": null
  }
},
{
  "model": "financeiro.movimentacao",
  "pk": 5,
  "fields": {
    "fechamento": 10,
    "tipo": "SAIDA",
    "valor": "15.00",
    "categoria": 5,
    "descricao": null
  }
},
{
  "model": "financeiro.movimentacao",
  "pk": 6,
  "fields": {
    "fechamento": 10,
    "tipo": "SAIDA",
    "valor": "150.00",
    "categoria": 6,
    "descricao": null
  }
},
{
  "model": "financeiro.movimentacao",
  "pk": 7,
  "fields": {
    "fechamento": 10,
    "tipo": "SAIDA",
    "valor": "5.00",
    "categoria": 5,
    "descricao": null
  }
},
{
  "model": "financeiro.movimentacao",
  "pk": 8,
  "fields": {
    "fechamento": 10,
    "tipo": "CARTAO",
    "valor": "412.00",
    "categoria": 1,
    "descricao": null
  }
},
{
  "model": "financeiro.movimentacao",
  "pk": 9,
  "fields": {
    "fechamento": 10,
    "tipo": "CARTAO",
    "valor": "415.00",
    "categoria": 2,
    "descricao": null
  }
},
{
  "model": "financeiro.movimentacao",
  "pk": 10,
  "fields": {
    "fechamento": 10,
    "tipo": "SAIDA",
    "valor": "7.00",
    "categoria": 3,
    "descricao": null
  }
},
{
  "model": "financeiro.movimentacao",
  "pk": 11,
  "fields": {
    "fechamento": 13,
    "tipo": "SAIDA",
    "valor": "4.00",
    "categoria": 5,
    "descricao": null
  }
},
{
  "model": "financeiro.movimentacao",
  "pk": 12,
  "fields": {
    "fechamento": 13,
    "tipo": "SAIDA",
    "valor": "16.00",
    "categoria": 3,
    "descricao": null
  }
},
{
  "model": "financeiro.movimentacao",
  "pk": 13,
  "fields": {
    "fechamento": 13,
    "tipo": "CARTAO",
    "valor": "1000.00",
    "categoria": 1,
    "descricao": null
  }
},
{
  "model": "financeiro.movimentacao",
  "pk": 14,
  "fields": {
    "fechamento": 13,
    "tipo": "CARTAO",
    "valor": "376.00",
    "categoria": 2,
    "descricao": null
  }
},
{
  "model": "financeiro.movimentacao",
  "pk": 15,
  "fields": {
    "fechamento": 14,
    "tipo": "DINHEIRO",
    "valor": "494.00",
    "categoria": 8,
    "descricao": null
  }
},
{
  "model": "financeiro.movimentacao",
  "pk": 16,
  "fields": {
    "fechamento": 14,
    "tipo": "SAIDA",
    "valor": "1000.00",
    "categoria": 9,
    "descricao": null
  }
},
{
  "model": "financeiro.movimentacao",
  "pk": 17,
  "fields": {
    "fechamento": 14,
    "tipo": "SAIDA",
    "valor": "540.00",
    "categoria": 10,
    "descricao": null
  }
},
{
  "model": "financeiro.movimentacao",
  "pk": 18,
  "fields": {
    "fechamento": 14,
    "tipo": "SAIDA",
    "valor": "520.00",
    "categoria": 4,
    "descricao": null
  }
},
{
  "model": "financeiro.movimentacao",
  "pk": 19,
  "fields": {
    "fechamento": 14,
    "tipo": "CARTAO",
    "valor": "127.00",
    "categoria": 1,
    "descricao": null
  }
},
{
  "model": "financeiro.movimentacao",
  "pk": 20,
  "fields": {
    "fechamento": 14,
    "tipo": "CARTAO",
    "valor": "902.00",
    "categoria": 2,
    "descricao": null
  }
},
{
  "model": "financeiro.movimentacao",
  "pk": 21,
  "fields": {
    "fechamento": 14,
    "tipo": "CARTAO",
    "valor": "35.00",
    "categoria": 11,
    "descricao": null
  }
},
{
  "model": "financeiro.movimentacao",
  "pk": 22,
  "fields": {
    "fechamento": 15,
    "tipo": "CARTAO",
    "valor": "922.00",
    "categoria": 1,
    "descricao": null
  }
},
{
  "model": "financeiro.movimentacao",
  "pk": 23,
  "fields": {
    "fechamento": 15,
    "tipo": "CARTAO",
    "valor": "387.00",
    "categoria": 2,
    "descricao": null
  }
},
{
  "model": "financeiro.movimentacao",
  "pk": 24,
  "fields": {
    "fechamento": 15,
    "tipo": "SAIDA",
    "valor": "7.00",
    "categoria": 5,
    "descricao": null
  }
},
{
  "model": "financeiro.movimentacao",
  "pk": 25,
  "fields": {
    "fechamento": 15,
    "tipo": "SAIDA",
    "valor": "10.00",
    "categoria": 17,
    "descricao": null
  }
},
{
  "model": "financeiro.movimentacao",
  "pk": 26,
  "fields": {
    "fechamento": 15,
    "tipo": "SAIDA",
    "valor": "50.00",
    "categoria": 13,
    "descricao": null
  }
},
{
  "model": "financeiro.movimentacao",
  "pk": 27,
  "fields": {
    "fechamento": 23,
    "tipo": "CARTAO",
    "valor": "372.00",
    "categoria": 1,
    "descricao": null
  }
},
{
  "model": "financeiro.movimentacao",
  "pk": 28,
  "fields": {
    "fechamento": 23,
    "tipo": "CARTAO",
    "valor": "185.00",
    "categoria": 2,
    "descricao": null
  }
},
{
  "model": "financeiro.movimentacao",
  "pk": 29,
  "fields": {
    "fechamento": 23,
    "tipo": "SAIDA",
    "valor": "47.00",
    "categoria": 14,
    "descricao": null
  }
},
{
  "model": "financeiro.movimentacao",
  "pk": 30,
  "fields": {
    "fechamento": 23,
    "tipo": "SAIDA",
    "valor": "10.00",
    "categoria": 5,
    "descricao": null
  }
},
{
  "model": "financeiro.movimentacao",
  "pk": 31,
  "fields": {
    "fechamento": 23,
    "tipo": "SAIDA",
    "valor": "50.00",
    "categoria": 3,
    "descricao": null
  }
},
{
  "model": "financeiro.movimentacao",
  "pk": 32,
  "fields": {
    "fechamento": 24,
    "tipo": "CARTAO",
    "valor": "612.00",
    "categoria": 1,
    "descricao": null
  }
},
{
  "model": "financeiro.movimentacao",
  "pk": 33,
  "fields": {
    "fechamento": 24,
    "tipo": "CARTAO",
    "valor": "270.00",
    "categoria": 2,
    "descricao": null
  }
},
{
  "model": "financeiro.movimentacao",
  "pk": 34,
  "fields": {
    "fechamento": 24,
    "tipo": "SAIDA",
    "valor": "300.00",
    "categoria": 15,
    "descricao": null
  }
},
{
  "model": "financeiro.movimentacao",
  "pk": 35,
  "fields": {
    "fechamento": 24,
    "tipo": "SAIDA",
    "valor": "743.00",
    "categoria": 16,
    "descricao": null
  }
},
{
  "model": "financeiro.movimentacao",
  "pk": 36,
  "fields": {
    "fechamento": 24,
    "tipo": "SAIDA",
    "valor": "4.00",
    "categoria": 5,
    "descricao": null
  }
},
{
  "model": "financeiro.movimentacao",
  "pk": 37,
  "fields": {
    "fechamento": 20,
    "tipo": "CARTAO",
    "valor": "142.00",
    "categoria": 1,
    "descricao": null
  }
},
{
  "model": "financeiro.movimentacao",
  "pk": 38,
  "fields": {
    "fechamento": 20,
    "tipo": "CARTAO",
    "valor": "856.00",
    "categoria": 2,
    "descricao": null
  }
},
{
  "model": "financeiro.movimentacao",
  "pk": 39,
  "fields": {
    "fechamento": 20,
    "tipo": "SAIDA",
    "valor": "150.00",
    "categoria": 6,
    "descricao": null
  }
},
{
  "model": "financeiro.movimentacao",
  "pk": 40,
  "fields": {
    "fechamento": 20,
    "tipo": "SAIDA",
    "valor": "5.00",
    "categoria": 17,
    "descricao": null
  }
},
{
  "model": "financeiro.movimentacao",
  "pk": 41,
  "fields": {
    "fechamento": 20,
    "tipo": "SAIDA",
    "valor": "10.00",
    "categoria": 13,
    "descricao": null
  }
},
{
  "model": "financeiro.movimentacao",
  "pk": 42,
  "fields": {
    "fechamento": 20,
    "tipo": "SAIDA",
    "valor": "150.00",
    "categoria": 3,
    "descricao": null
  }
},
{
  "model": "financeiro.movimentacao",
  "pk": 43,
  "fields": {
    "fechamento": 18,
    "tipo": "SAIDA",
    "valor": "2750.00",
    "categoria": 18,
    "descricao": "500"
  }
},
{
  "model": "financeiro.movimentacao",
  "pk": 44,
  "fields": {
    "fechamento": 18,
    "tipo": "SAIDA",
    "valor": "8000.00",
    "categoria": 19,
    "descricao": null
  }
},
{
  "model": "financeiro.movimentacao",
  "pk": 45,
  "fields": {
    "fechamento": 18,
    "tipo": "SAIDA",
    "valor": "20.00",
    "categoria": 20,
    "descricao": null
  }
},
{
  "model": "financeiro.movimentacao",
  "pk": 46,
  "fields": {
    "fechamento": 18,
    "tipo": "CARTAO",
    "valor": "820.00",
    "categoria": 1,
    "descricao": null
  }
},
{
  "model": "financeiro.movimentacao",
  "pk": 47,
  "fields": {
    "fechamento": 18,
    "tipo": "CARTAO",
    "valor": "244.00",
    "categoria": 2,
    "descricao": null
  }
},
{
  "model": "financeiro.movimentacao",
  "pk": 48,
  "fields": {
    "fechamento": 18,
    "tipo": "DINHEIRO",
    "valor": "7000.00",
    "categoria": 21,
    "descricao": null
  }
},
{
  "model": "financeiro.movimentacao",
  "pk": 49,
  "fields": {
    "fechamento": 18,
    "tipo": "DINHEIRO",
    "valor": "1695.00",
    "categoria": 22,
    "descricao": null
  }
},
{
  "model": "financeiro.movimentacao",
  "pk": 50,
  "fields": {
    "fechamento": 25,
    "tipo": "CARTAO",
    "valor": "646.00",
    "categoria": 1,
    "descricao": null
  }
},
{
  "model": "financeiro.movimentacao",
  "pk": 51,
  "fields": {
    "fechamento": 25,
    "tipo": "CARTAO",
    "valor": "212.00",
    "categoria": 2,
    "descricao": null
  }
},
{
  "model": "financeiro.movimentacao",
  "pk": 52,
  "fields": {
    "fechamento": 25,
    "tipo": "SAIDA",
    "valor": "4.00",
    "categoria": 5,
    "descricao": null
  }
},
{
  "model": "financeiro.movimentacao",
  "pk": 53,
  "fields": {
    "fechamento": 25,
    "tipo": "SAIDA",
    "valor": "50.00",
    "categoria": 13,
    "descricao": null
  }
},
{
  "model": "financeiro.movimentacao",
  "pk": 54,
  "fields": {
    "fechamento": 25,
    "tipo": "SAIDA",
    "valor": "50.00",
    "categoria": 3,
    "descricao": null
  }
},
{
  "model": "financeiro.movimentacao",
  "pk": 55,
  "fields": {
    "fechamento": 26,
    "tipo": "SAIDA",
    "valor": "960.00",
    "categoria": 23,
    "descricao": null
  }
},
{
  "model": "financeiro.movimentacao",
  "pk": 56,
  "fields": {
    "fechamento": 26,
    "tipo": "SAIDA",
    "valor": "5.00",
    "categoria": 33,
    "descricao": null
  }
},
{
  "model": "financeiro.movimentacao",
  "pk": 57,
  "fields": {
    "fechamento": 26,
    "tipo": "CARTAO",
    "valor": "219.00",
    "categoria": 1,
    "descricao": null
  }
},
{
  "model": "financeiro.movimentacao",
  "pk": 58,
  "fields": {
    "fechamento": 26,
    "tipo": "CARTAO",
    "valor": "201.00",
    "categoria": 2,
    "descricao": null
  }
},
{
  "model": "financeiro.movimentacao",
  "pk": 59,
  "fields": {
    "fechamento": 27,
    "tipo": "DINHEIRO",
    "valor": "395.00",
    "categoria": 29,
    "descricao": null
  }
},
{
  "model": "financeiro.movimentacao",
  "pk": 60,
  "fields": {
    "fechamento": 27,
    "tipo": "DINHEIRO",
    "valor": "31.00",
    "categoria": 26,
    "descricao": "Luz"
  }
},
{
  "model": "financeiro.movimentacao",
  "pk": 61,
  "fields": {
    "fechamento": 27,
    "tipo": "CARTAO",
    "valor": "38.00",
    "categoria": 1,
    "descricao": null
  }
},
{
  "model": "financeiro.movimentacao",
  "pk": 62,
  "fields": {
    "fechamento": 27,
    "tipo": "CARTAO",
    "valor": "167.00",
    "categoria": 2,
    "descricao": null
  }
},
{
  "model": "financeiro.movimentacao",
  "pk": 63,
  "fields": {
    "fechamento": 27,
    "tipo": "SAIDA",
    "valor": "20.00",
    "categoria": 3,
    "descricao": null
  }
},
{
  "model": "financeiro.movimentacao",
  "pk": 64,
  "fields": {
    "fechamento": 28,
    "tipo": "DINHEIRO",
    "valor": "642.00",
    "categoria": 27,
    "descricao": null
  }
},
{
  "model": "financeiro.movimentacao",
  "pk": 65,
  "fields": {
    "fechamento": 28,
    "tipo": "SAIDA",
    "valor": "1003.00",
    "categoria": 28,
    "descricao": null
  }
},
{
  "model": "financeiro.movimentacao",
  "pk": 66,
  "fields": {
    "fechamento": 28,
    "tipo": "SAIDA",
    "valor": "8.00",
    "categoria": 3,
    "descricao": null
  }
},
{
  "model": "financeiro.movimentacao",
  "pk": 67,
  "fields": {
    "fechamento": 28,
    "tipo": "CARTAO",
    "valor": "895.00",
    "categoria": 1,
    "descricao": null
  }
},
{
  "model": "financeiro.movimentacao",
  "pk": 68,
  "fields": {
    "fechamento": 28,
    "tipo": "CARTAO",
    "valor": "396.00",
    "categoria": 2,
    "descricao": null
  }
},
{
  "model": "financeiro.movimentacao",
  "pk": 69,
  "fields": {
    "fechamento": 29,
    "tipo": "SAIDA",
    "valor": "170.00",
    "categoria": 3,
    "descricao": null
  }
},
{
  "model": "financeiro.movimentacao",
  "pk": 70,
  "fields": {
    "fechamento": 29,
    "tipo": "CARTAO",
    "valor": "355.00",
    "categoria": 1,
    "descricao": null
  }
},
{
  "model": "financeiro.movimentacao",
  "pk": 71,
  "fields": {
    "fechamento": 29,
    "tipo": "CARTAO",
    "valor": "418.00",
    "categoria": 2,
    "descricao": null
  }
},
{
  "model": "financeiro.movimentacao",
  "pk": 72,
  "fields": {
    "fechamento": 29,
    "tipo": "SAIDA",
    "valor": "150.00",
    "categoria": 6,
    "descricao": null
  }
},
{
  "model": "financeiro.movimentacao",
  "pk": 73,
  "fields": {
    "fechamento": 11,
    "tipo": "DINHEIRO",
    "valor": "200.00",
    "categoria": 29,
    "descricao": null
  }
},
{
  "model": "financeiro.movimentacao",
  "pk": 74,
  "fields": {
    "fechamento": 11,
    "tipo": "CARTAO",
    "valor": "284.00",
    "categoria": 1,
    "descricao": null
  }
},
{
  "model": "financeiro.movimentacao",
  "pk": 75,
  "fields": {
    "fechamento": 11,
    "tipo": "CARTAO",
    "valor": "857.00",
    "categoria": 2,
    "descricao": null
  }
},
{
  "model": "financeiro.movimentacao",
  "pk": 76,
  "fields": {
    "fechamento": 7,
    "tipo": "SAIDA",
    "valor": "15.00",
    "categoria": 6,
    "descricao": null
  }
},
{
  "model": "financeiro.movimentacao",
  "pk": 77,
  "fields": {
    "fechamento": 7,
    "tipo": "SAIDA",
    "valor": "53.00",
    "categoria": 13,
    "descricao": null
  }
},
{
  "model": "financeiro.movimentacao",
  "pk": 78,
  "fields": {
    "fechamento": 7,
    "tipo": "SAIDA",
    "valor": "11.00",
    "categoria": 33,
    "descricao": null
  }
},
{
  "model": "financeiro.movimentacao",
  "pk": 79,
  "fields": {
    "fechamento": 7,
    "tipo": "CARTAO",
    "valor": "100.00",
    "categoria": 1,
    "descricao": null
  }
},
{
  "model": "financeiro.movimentacao",
  "pk": 80,
  "fields": {
    "fechamento": 7,
    "tipo": "CARTAO",
    "valor": "313.00",
    "categoria": 2,
    "descricao": null
  }
},
{
  "model": "financeiro.movimentacao",
  "pk": 81,
  "fields": {
    "fechamento": 5,
    "tipo": "SAIDA",
    "valor": "1164.00",
    "categoria": 19,
    "descricao": null
  }
},
{
  "model": "financeiro.movimentacao",
  "pk": 82,
  "fields": {
    "fechamento": 5,
    "tipo": "SAIDA",
    "valor": "50.00",
    "categoria": 3,
    "descricao": null
  }
},
{
  "model": "financeiro.movimentacao",
  "pk": 83,
  "fields": {
    "fechamento": 5,
    "tipo": "CARTAO",
    "valor": "63.00",
    "categoria": 1,
    "descricao": null
  }
},
{
  "model": "financeiro.movimentacao",
  "pk": 84,
  "fields": {
    "fechamento": 5,
    "tipo": "CARTAO",
    "valor": "415.00",
    "categoria": 2,
    "descricao": null
  }
},
{
  "model": "financeiro.movimentacao",
  "pk": 85,
  "fields": {
    "fechamento": 5,
    "tipo": "CARTAO",
    "valor": "20.00",
    "categoria": 11,
    "descricao": null
  }
},
{
  "model": "financeiro.movimentacao",
  "pk": 86,
  "fields": {
    "fechamento": 4,
    "tipo": "SAIDA",
    "valor": "100.00",
    "categoria": 4,
    "descricao": null
  }
},
{
  "model": "financeiro.movimentacao",
  "pk": 87,
  "fields": {
    "fechamento": 4,
    "tipo": "SAIDA",
    "valor": "297.00",
    "categoria": 31,
    "descricao": null
  }
},
{
  "model": "financeiro.movimentacao",
  "pk": 88,
  "fields": {
    "fechamento": 4,
    "tipo": "CARTAO",
    "valor": "279.00",
    "categoria": 1,
    "descricao": null
  }
},
{
  "model": "financeiro.movimentacao",
  "pk": 89,
  "fields": {
    "fechamento": 4,
    "tipo": "CARTAO",
    "valor": "233.00",
    "categoria": 2,
    "descricao": null
  }
},
{
  "model": "financeiro.movimentacao",
  "pk": 90,
  "fields": {
    "fechamento": 2,
    "tipo": "SAIDA",
    "valor": "20.00",
    "categoria": 32,
    "descricao": null
  }
},
{
  "model": "financeiro.movimentacao",
  "pk": 91,
  "fields": {
    "fechamento": 2,
    "tipo": "SAIDA",
    "valor": "110.00",
    "categoria": 3,
    "descricao": null
  }
},
{
  "model": "financeiro.movimentacao",
  "pk": 92,
  "fields": {
    "fechamento": 2,
    "tipo": "CARTAO",
    "valor": "837.00",
    "categoria": 1,
    "descricao": null
  }
},
{
  "model": "financeiro.movimentacao",
  "pk": 93,
  "fields": {
    "fechamento": 2,
    "tipo": "CARTAO",
    "valor": "503.00",
    "categoria": 2,
    "descricao": null
  }
},
{
  "model": "financeiro.movimentacao",
  "pk": 94,
  "fields": {
    "fechamento": 3,
    "tipo": "SAIDA",
    "valor": "50.00",
    "categoria": 3,
    "descricao": null
  }
},
{
  "model": "financeiro.movimentacao",
  "pk": 95,
  "fields": {
    "fechamento": 3,
    "tipo": "SAIDA",
    "valor": "150.00",
    "categoria": 6,
    "descricao": null
  }
},
{
  "model": "financeiro.movimentacao",
  "pk": 97,
  "fields": {
    "fechamento": 3,
    "tipo": "CARTAO",
    "valor": "308.50",
    "categoria": 2,
    "descricao": null
  }
},
{
  "model": "financeiro.movimentacao",
  "pk": 98,
  "fields": {
    "fechamento": 3,
    "tipo": "CARTAO",
    "valor": "866.45",
    "categoria": 1,
    "descricao": null
  }
},
{
  "model": "financeiro.movimentacao",
  "pk": 99,
  "fields": {
    "fechamento": 1,
    "tipo": "CARTAO",
    "valor": "165.00",
    "categoria": 1,
    "descricao": "Infinite"
  }
},
{
  "model": "financeiro.movimentacao",
  "pk": 100,
  "fields": {
    "fechamento": 1,
    "tipo": "CARTAO",
    "valor": "196.49",
    "categoria": 2,
    "descricao": "Mercado"
  }
},
{
  "model": "financeiro.movimentacao",
  "pk": 105,
  "fields": {
    "fechamento": 1,
    "tipo": "SAIDA",
    "valor": "100.00",
    "categoria": 3,
    "descricao": "Pra mim"
  }
},
{
  "model": "financeiro.movimentacao",
  "pk": 107,
  "fields": {
    "fechamento": 31,
    "tipo": "CARTAO",
    "valor": "244.50",
    "categoria": 1,
    "descricao": "Infinite"
  }
},
{
  "model": "financeiro.movimentacao",
  "pk": 110,
  "fields": {
    "fechamento": 31,
    "tipo": "CARTAO",
    "valor": "178.00",
    "categoria": 2,
    "descricao": null
  }
},
{
  "model": "financeiro.movimentacao",
  "pk": 111,
  "fields": {
    "fechamento": 31,
    "tipo": "SAIDA",
    "valor": "59.00",
    "categoria": 28,
    "descricao": "Carlos"
  }
},
{
  "model": "financeiro.movimentacao",
  "pk": 112,
  "fields": {
    "fechamento": 32,
    "tipo": "CARTAO",
    "valor": "701.00",
    "categoria": 1,
    "descricao": null
  }
},
{
  "model": "financeiro.movimentacao",
  "pk": 113,
  "fields": {
    "fechamento": 32,
    "tipo": "CARTAO",
    "valor": "901.50",
    "categoria": 2,
    "descricao": null
  }
},
{
  "model": "financeiro.movimentacao",
  "pk": 115,
  "fields": {
    "fechamento": 22,
    "tipo": "SAIDA",
    "valor": "50.00",
    "categoria": 14,
    "descricao": null
  }
},
{
  "model": "financeiro.movimentacao",
  "pk": 116,
  "fields": {
    "fechamento": 22,
    "tipo": "SAIDA",
    "valor": "45.00",
    "categoria": 10,
    "descricao": "Bota 41"
  }
},
{
  "model": "financeiro.movimentacao",
  "pk": 117,
  "fields": {
    "fechamento": 22,
    "tipo": "SAIDA",
    "valor": "7.00",
    "categoria": 5,
    "descricao": null
  }
},
{
  "model": "financeiro.movimentacao",
  "pk": 118,
  "fields": {
    "fechamento": 22,
    "tipo": "CARTAO",
    "valor": "450.50",
    "categoria": 1,
    "descricao": null
  }
},
{
  "model": "financeiro.movimentacao",
  "pk": 119,
  "fields": {
    "fechamento": 22,
    "tipo": "CARTAO",
    "valor": "541.00",
    "categoria": 2,
    "descricao": null
  }
},
{
  "model": "financeiro.movimentacao",
  "pk": 120,
  "fields": {
    "fechamento": 21,
    "tipo": "SAIDA",
    "valor": "90.00",
    "categoria": 6,
    "descricao": "Gás"
  }
},
{
  "model": "financeiro.movimentacao",
  "pk": 121,
  "fields": {
    "fechamento": 21,
    "tipo": "SAIDA",
    "valor": "90.00",
    "categoria": 13,
    "descricao": "Gás"
  }
},
{
  "model": "financeiro.movimentacao",
  "pk": 122,
  "fields": {
    "fechamento": 21,
    "tipo": "SAIDA",
    "valor": "2800.00",
    "categoria": 19,
    "descricao": null
  }
},
{
  "model": "financeiro.movimentacao",
  "pk": 123,
  "fields": {
    "fechamento": 21,
    "tipo": "SAIDA",
    "valor": "8.00",
    "categoria": 33,
    "descricao": "Dávisson"
  }
}
]
